{
  "defaultSeverity": "error",
  "extends": ["tslint:recommended"],
  "linterOptions": {
    "exclude": ["migration/*.ts"]
  },
  "jsRules": {
    "no-unused-expression": true
  },
  "rules": {
    "indent": {
      "options": ["spaces", 2]
    },
    "eofline": false,
    "quotemark": [true, "single"],
    "ordered-imports": [false],
    "member-ordering": [false],
    "curly": false,
    "interface-name": [false],
    "array-type": [false],
    "member-access": [false],
    "no-empty-interface": false,
    "no-empty": false,
    "arrow-parens": false,
    "object-literal-sort-keys": false,
    "no-unused-expression": false,
    "no-string-literal": [false],
    "variable-name": [false],
    "one-line": [false],
    "one-variable-per-declaration": [false],
    "no-console": [false],
    "max-line-length": [true, 150],
    "no-bitwise": [false],
    "semicolon": [true, "always"]
  },
  "rulesDirectory": []
}
